datasheet_id|enhancement_id|
000000001|000008872003|
000000001|000008885002|
000000001|000008885003|
000000001|000008881002|
000000001|000008881004|
000000001|000008881003|
000000001|000008367003|
000000001|000008367005|
000000001|000008872002|
000000001|000008881005|
000000001|000008885004|
000000001|000008367004|
000000001|000008367002|
000000002|000008881005|
000000002|000008881003|
000000002|000008885004|
000000002|000008881004|
000000002|000008872002|
000000002|000008885003|
000000002|000008367003|
000000002|000008367004|
000000002|000008885002|
000000002|000008881002|
000000002|000008367005|
000000002|000008885005|
000000002|000008367002|
000000002|000008872003|
000000003|000008367002|
000000003|000008367003|
000000003|000008367004|
000000003|000008872003|
000000003|000008367005|
000000004|000008367004|
000000004|000008881005|
000000004|000008367003|
000000004|000008881002|
000000004|000008872003|
000000004|000008872002|
000000004|000008367005|
000000004|000008881004|
000000004|000008881003|
000000004|000008367002|
000000006|000008367002|
000000006|000008877002|
000000006|000008877003|
000000006|000008367004|
000000006|000008881005|
000000006|000008877004|
000000006|000008872002|
000000006|000008881004|
000000006|000008872003|
000000006|000008367003|
000000006|000008877005|
000000006|000008367005|
000000006|000008881003|
000000006|000008881002|
000000007|000008367004|
000000007|000008367003|
000000007|000008367005|
000000007|000008872003|
000000007|000008367002|
000000012|000008881002|
000000012|000008367005|
000000012|000008881003|
000000012|000008367004|
000000012|000008881004|
000000012|000008881005|
000000012|000008367002|
000000012|000008877005|
000000012|000008877002|
000000012|000008877003|
000000012|000008872003|
000000012|000008877004|
000000012|000008872002|
000000012|000008367003|
000000013|000008881002|
000000013|000008367005|
000000013|000008367002|
000000013|000008881003|
000000013|000008872003|
000000013|000008367003|
000000013|000008881004|
000000013|000008872002|
000000013|000008881005|
000000013|000008367004|
000000014|000008367004|
000000014|000008367003|
000000014|000008872003|
000000014|000008367002|
000000014|000008367005|
000000022|000008881004|
000000022|000008367004|
000000022|000008872002|
000000022|000008881003|
000000022|000008881002|
000000022|000008872003|
000000022|000008367002|
000000022|000008367005|
000000022|000008881005|
000000022|000008367003|
000000060|000008771003|
000000060|000008528003|
000000060|000008474004|
000000060|000008490002|
000000060|000008532005|
000000060|000008528002|
000000060|000008376003|
000000060|000008494002|
000000060|000008478005|
000000060|000008474005|
000000060|000008522004|
000000060|000008376005|
000000060|000008771002|
000000060|000008532004|
000000060|000008494003|
000000060|000008474002|
000000060|000008478003|
000000060|000008490003|
000000060|000008353005|
000000060|000008522002|
000000060|000008486004|
000000060|000008353003|
000000060|000008771004|
000000060|000008486003|
000000060|000008482003|
000000060|000008482005|
000000060|000008532003|
000000060|000008376004|
000000060|000008532002|
000000060|000008482004|
000000060|000008353002|
000000060|000008528004|
000000060|000008376002|
000000060|000008528005|
000000063|000008528004|
000000063|000008474004|
000000063|000008490003|
000000063|000008778004|
000000063|000008353003|
000000063|000008778003|
000000063|000008353005|
000000063|000008376004|
000000063|000008353002|
000000063|000008778002|
000000063|000008376002|
000000063|000008474005|
000000063|000008376005|
000000063|000008486003|
000000063|000008522002|
000000063|000008771002|
000000063|000008532005|
000000063|000008528002|
000000063|000008532004|
000000063|000008528003|
000000063|000008478003|
000000063|000008494003|
000000063|000008482005|
000000063|000008486002|
000000063|000008522004|
000000063|000008771003|
000000063|000008376003|
000000063|000008532002|
000000063|000008482004|
000000063|000008532003|
000000063|000008778005|
000000063|000008528005|
000000063|000008486004|
000000063|000008478005|
000000063|000008486005|
000000063|000008494002|
000000063|000008771004|
000000073|000008528005|
000000073|000008376002|
000000073|000008353004|
000000073|000008474004|
000000073|000008528004|
000000073|000008532005|
000000073|000008532002|
000000073|000008528002|
000000073|000008376004|
000000073|000008376003|
000000073|000008522005|
000000073|000008353003|
000000073|000008353005|
000000073|000008376005|
000000073|000008522004|
000000073|000008522002|
000000073|000008474005|
000000073|000008532004|
000000073|000008771002|
000000073|000008494003|
000000073|000008353002|
000000073|000008494002|
000000073|000008478005|
000000073|000008486004|
000000073|000008490002|
000000073|000008482004|
000000073|000008482002|
000000073|000008482005|
000000073|000008532003|
000000073|000008478003|
000000073|000008490003|
000000073|000008474003|
000000073|000008771004|
000000073|000008482003|
000000073|000008771003|
000000073|000008528003|
000000073|000008486003|
000000076|000008486004|
000000076|000008482004|
000000076|000008771002|
000000076|000008482003|
000000076|000008771004|
000000076|000008376002|
000000076|000008771003|
000000076|000008532002|
000000076|000008522004|
000000076|000008494002|
000000076|000008353003|
000000076|000008528003|
000000076|000008478005|
000000076|000008490003|
000000076|000008494003|
000000076|000008376003|
000000076|000008376004|
000000076|000008486003|
000000076|000008490002|
000000076|000008482005|
000000076|000008532003|
000000076|000008528005|
000000076|000008522002|
000000076|000008353005|
000000076|000008490005|
000000076|000008353002|
000000076|000008490004|
000000076|000008528002|
000000076|000008474005|
000000076|000008474004|
000000076|000008376005|
000000076|000008528004|
000000076|000008532004|
000000076|000008478003|
000000076|000008532005|
000000079|000008494004|
000000079|000008528003|
000000079|000008376004|
000000079|000008486003|
000000079|000008528002|
000000079|000008528004|
000000079|000008490003|
000000079|000008353003|
000000079|000008478005|
000000079|000008494003|
000000079|000008771002|
000000079|000008474005|
000000079|000008771004|
000000079|000008532002|
000000079|000008482004|
000000079|000008376003|
000000079|000008478003|
000000079|000008490002|
000000079|000008774005|
000000079|000008522002|
000000079|000008494005|
000000079|000008774004|
000000079|000008774003|
000000079|000008528005|
000000079|000008774002|
000000079|000008532003|
000000079|000008532005|
000000079|000008482005|
000000079|000008486004|
000000079|000008494002|
000000079|000008482003|
000000079|000008353002|
000000079|000008532004|
000000079|000008771003|
000000079|000008474004|
000000079|000008522004|
000000079|000008353005|
000000079|000008376002|
000000079|000008376005|
000000083|000008478003|
000000083|000008486004|
000000083|000008490002|
000000083|000008376004|
000000083|000008474004|
000000083|000008376003|
000000083|000008771003|
000000083|000008486003|
000000083|000008353004|
000000083|000008522005|
000000083|000008528004|
000000083|000008474005|
000000083|000008482002|
000000083|000008482004|
000000083|000008482005|
000000083|000008522004|
000000083|000008353003|
000000083|000008490003|
000000083|000008532004|
000000083|000008528005|
000000083|000008532003|
000000083|000008482003|
000000083|000008532005|
000000083|000008353002|
000000083|000008494003|
000000083|000008376002|
000000083|000008353005|
000000083|000008494002|
000000083|000008771002|
000000083|000008532002|
000000083|000008528002|
000000083|000008478005|
000000083|000008771004|
000000083|000008474003|
000000083|000008376005|
000000083|000008528003|
000000083|000008522002|
000000094|000008528004|
000000094|000008482004|
000000094|000008532004|
000000094|000008478003|
000000094|000008522002|
000000094|000008771003|
000000094|000008490003|
000000094|000008778002|
000000094|000008486004|
000000094|000008353005|
000000094|000008376005|
000000094|000008771004|
000000094|000008376003|
000000094|000008532002|
000000094|000008771002|
000000094|000008494003|
000000094|000008778005|
000000094|000008778003|
000000094|000008376002|
000000094|000008486005|
000000094|000008532005|
000000094|000008528005|
000000094|000008478005|
000000094|000008528002|
000000094|000008353002|
000000094|000008474004|
000000094|000008486003|
000000094|000008486002|
000000094|000008778004|
000000094|000008532003|
000000094|000008528003|
000000094|000008494002|
000000094|000008474005|
000000094|000008376004|
000000094|000008482005|
000000094|000008522004|
000000094|000008353003|
000000112|000008528004|
000000112|000008494002|
000000112|000008490003|
000000112|000008482004|
000000112|000008532002|
000000112|000008486004|
000000112|000008353002|
000000112|000008353005|
000000112|000008353003|
000000112|000008528005|
000000112|000008532003|
000000112|000008376004|
000000112|000008482005|
000000112|000008486003|
000000112|000008478005|
000000112|000008494003|
000000112|000008376002|
000000112|000008771002|
000000112|000008482003|
000000112|000008522004|
000000112|000008528003|
000000112|000008532004|
000000112|000008771003|
000000112|000008376005|
000000112|000008532005|
000000112|000008528002|
000000112|000008474004|
000000112|000008474005|
000000112|000008478003|
000000112|000008522002|
000000112|000008490002|
000000112|000008771004|
000000112|000008376003|
000000115|000008774005|
000000115|000008490003|
000000115|000008522002|
000000115|000008771002|
000000115|000008494003|
000000115|000008353002|
000000115|000008482003|
000000115|000008532005|
000000115|000008522004|
000000115|000008528002|
000000115|000008532004|
000000115|000008532002|
000000115|000008528003|
000000115|000008771003|
000000115|000008486004|
000000115|000008376003|
000000115|000008376005|
000000115|000008353005|
000000115|000008771004|
000000115|000008474005|
000000115|000008774003|
000000115|000008376004|
000000115|000008494005|
000000115|000008482004|
000000115|000008482005|
000000115|000008774004|
000000115|000008494004|
000000115|000008490002|
000000115|000008353003|
000000115|000008486003|
000000115|000008532003|
000000115|000008494002|
000000115|000008774002|
000000115|000008478005|
000000115|000008478003|
000000115|000008528004|
000000115|000008528005|
000000115|000008474004|
000000115|000008376002|
000000119|000008528002|
000000119|000008490004|
000000119|000008528004|
000000119|000008478003|
000000119|000008474004|
000000119|000008474005|
000000119|000008532002|
000000119|000008490005|
000000119|000008532005|
000000119|000008528005|
000000119|000008376004|
000000119|000008482005|
000000119|000008486003|
000000119|000008490003|
000000119|000008353003|
000000119|000008522002|
000000119|000008478005|
000000119|000008494003|
000000119|000008376002|
000000119|000008771002|
000000119|000008490002|
000000119|000008353002|
000000119|000008482003|
000000119|000008376003|
000000119|000008482004|
000000119|000008486004|
000000119|000008494002|
000000119|000008376005|
000000119|000008353005|
000000119|000008771003|
000000119|000008528003|
000000119|000008532004|
000000119|000008532003|
000000119|000008771004|
000000119|000008522004|
000000135|000008522002|
000000135|000008771002|
000000135|000008474003|
000000135|000008376003|
000000135|000008528002|
000000135|000008486004|
000000135|000008494003|
000000135|000008494002|
000000135|000008532005|
000000135|000008532002|
000000135|000008528004|
000000135|000008474004|
000000135|000008532003|
000000135|000008494004|
000000135|000008522005|
000000135|000008482003|
000000135|000008474005|
000000135|000008353004|
000000135|000008771003|
000000135|000008353002|
000000135|000008528003|
000000135|000008353005|
000000135|000008482005|
000000135|000008490002|
000000135|000008528005|
000000135|000008774002|
000000135|000008532004|
000000135|000008353003|
000000135|000008478005|
000000135|000008774003|
000000135|000008774004|
000000135|000008774005|
000000135|000008482004|
000000135|000008376005|
000000135|000008771004|
000000135|000008376004|
000000135|000008490003|
000000135|000008478003|
000000135|000008486003|
000000135|000008522004|
000000135|000008376002|
000000135|000008494005|
000000140|000008353003|
000000140|000008486004|
000000140|000008353005|
000000140|000008376004|
000000140|000008486003|
000000140|000008478003|
000000140|000008528005|
000000140|000008494003|
000000140|000008474005|
000000140|000008482005|
000000140|000008482003|
000000140|000008528003|
000000140|000008494002|
000000140|000008478005|
000000140|000008522004|
000000140|000008532004|
000000140|000008771004|
000000140|000008482004|
000000140|000008376002|
000000140|000008522003|
000000140|000008474004|
000000140|000008376005|
000000140|000008771002|
000000140|000008478004|
000000140|000008376003|
000000140|000008353002|
000000140|000008771003|
000000140|000008490002|
000000140|000008522002|
000000140|000008482002|
000000140|000008532002|
000000140|000008528002|
000000140|000008528004|
000000140|000008490003|
000000140|000008478002|
000000140|000008532003|
000000140|000008532005|
000000148|000008528002|
000000148|000008532002|
000000148|000008376002|
000000148|000008528004|
000000148|000008522004|
000000148|000008353003|
000000148|000008532005|
000000148|000008482004|
000000148|000008490002|
000000148|000008478003|
000000148|000008376003|
000000148|000008482003|
000000148|000008353002|
000000148|000008771004|
000000148|000008486004|
000000148|000008522002|
000000148|000008376004|
000000148|000008532004|
000000148|000008528005|
000000148|000008771003|
000000148|000008376005|
000000148|000008490003|
000000148|000008474004|
000000148|000008482005|
000000148|000008528003|
000000148|000008353005|
000000148|000008494002|
000000148|000008478005|
000000148|000008486003|
000000148|000008532003|
000000148|000008474005|
000000148|000008494003|
000000148|000008771002|
000000158|000008353003|
000000158|000008532003|
000000158|000008532004|
000000158|000008474005|
000000158|000008494003|
000000158|000008376002|
000000158|000008771004|
000000158|000008353005|
000000158|000008474004|
000000158|000008528004|
000000158|000008494002|
000000158|000008490003|
000000158|000008771002|
000000158|000008522002|
000000158|000008478003|
000000158|000008771003|
000000158|000008490002|
000000158|000008528005|
000000158|000008522004|
000000158|000008482005|
000000158|000008532002|
000000158|000008376004|
000000158|000008482003|
000000158|000008486004|
000000158|000008482004|
000000158|000008528003|
000000158|000008528002|
000000158|000008376003|
000000158|000008532005|
000000158|000008353002|
000000158|000008478005|
000000158|000008376005|
000000158|000008486003|
000000159|000008482005|
000000159|000008478005|
000000159|000008474005|
000000159|000008353002|
000000159|000008376003|
000000159|000008376002|
000000159|000008771003|
000000159|000008778005|
000000159|000008771004|
000000159|000008482004|
000000159|000008522004|
000000159|000008478003|
000000159|000008486005|
000000159|000008353005|
000000159|000008532002|
000000159|000008532003|
000000159|000008522002|
000000159|000008494003|
000000159|000008528002|
000000159|000008376004|
000000159|000008528004|
000000159|000008353003|
000000159|000008528005|
000000159|000008532005|
000000159|000008778004|
000000159|000008778003|
000000159|000008494002|
000000159|000008474004|
000000159|000008490003|
000000159|000008486003|
000000159|000008376005|
000000159|000008486004|
000000159|000008528003|
000000159|000008771002|
000000159|000008778002|
000000159|000008532004|
000000159|000008486002|
000000284|000008778002|
000000284|000008771004|
000000284|000008474005|
000000284|000008771002|
000000284|000008376005|
000000284|000008528005|
000000284|000008532003|
000000284|000008528003|
000000284|000008486003|
000000284|000008376002|
000000284|000008486002|
000000284|000008494002|
000000284|000008482005|
000000284|000008522004|
000000284|000008376004|
000000284|000008771003|
000000284|000008522002|
000000284|000008532002|
000000284|000008482004|
000000284|000008353002|
000000284|000008376003|
000000284|000008478005|
000000284|000008353005|
000000284|000008486005|
000000284|000008490003|
000000284|000008532004|
000000284|000008532005|
000000284|000008353003|
000000284|000008474004|
000000284|000008528002|
000000284|000008486004|
000000284|000008528004|
000000284|000008474003|
000000284|000008778003|
000000284|000008353004|
000000284|000008478003|
000000284|000008522005|
000000284|000008778004|
000000284|000008778005|
000000284|000008494003|
000000300|000008490002|
000000300|000008528004|
000000300|000008532005|
000000300|000008353002|
000000300|000008774003|
000000300|000008486003|
000000300|000008774002|
000000300|000008494004|
000000300|000008353003|
000000300|000008478005|
000000300|000008353005|
000000300|000008771002|
000000300|000008474005|
000000300|000008490003|
000000300|000008771003|
000000300|000008482004|
000000300|000008482005|
000000300|000008522002|
000000300|000008376004|
000000300|000008532002|
000000300|000008376005|
000000300|000008532003|
000000300|000008486004|
000000300|000008528003|
000000300|000008474004|
000000300|000008482003|
000000300|000008528005|
000000300|000008494005|
000000300|000008528002|
000000300|000008771004|
000000300|000008376003|
000000300|000008532004|
000000300|000008494002|
000000300|000008522004|
000000300|000008494003|
000000300|000008774005|
000000300|000008478003|
000000300|000008774004|
000000300|000008376002|
000000301|000008532004|
000000301|000008522004|
000000301|000008778004|
000000301|000008771003|
000000301|000008376002|
000000301|000008778005|
000000301|000008482005|
000000301|000008486004|
000000301|000008528004|
000000301|000008376004|
000000301|000008771004|
000000301|000008771002|
000000301|000008353003|
000000301|000008532002|
000000301|000008494002|
000000301|000008532003|
000000301|000008376005|
000000301|000008528005|
000000301|000008486002|
000000301|000008778002|
000000301|000008474004|
000000301|000008528002|
000000301|000008376003|
000000301|000008478003|
000000301|000008528003|
000000301|000008486005|
000000301|000008486003|
000000301|000008482004|
000000301|000008474005|
000000301|000008494003|
000000301|000008522002|
000000301|000008778003|
000000301|000008478005|
000000301|000008532005|
000000301|000008490003|
000000301|000008353002|
000000301|000008353005|
000000306|000008474005|
000000306|000008771003|
000000306|000008474004|
000000306|000008522003|
000000306|000008478002|
000000306|000008376005|
000000306|000008482004|
000000306|000008482005|
000000306|000008532004|
000000306|000008528002|
000000306|000008478005|
000000306|000008353002|
000000306|000008376002|
000000306|000008482003|
000000306|000008532005|
000000306|000008532003|
000000306|000008486003|
000000306|000008528004|
000000306|000008522002|
000000306|000008486004|
000000306|000008490003|
000000306|000008478003|
000000306|000008353005|
000000306|000008478004|
000000306|000008376003|
000000306|000008353003|
000000306|000008528003|
000000306|000008490002|
000000306|000008376004|
000000306|000008528005|
000000306|000008532002|
000000306|000008771002|
000000306|000008494003|
000000306|000008494002|
000000306|000008771004|
000000306|000008522004|
000000308|000008376002|
000000308|000008494003|
000000308|000008482004|
000000308|000008528004|
000000308|000008486005|
000000308|000008376003|
000000308|000008478003|
000000308|000008353003|
000000308|000008778004|
000000308|000008522002|
000000308|000008532004|
000000308|000008522004|
000000308|000008486004|
000000308|000008528002|
000000308|000008528005|
000000308|000008532005|
000000308|000008778005|
000000308|000008486002|
000000308|000008771002|
000000308|000008486003|
000000308|000008528003|
000000308|000008490003|
000000308|000008376005|
000000308|000008771003|
000000308|000008482005|
000000308|000008478005|
000000308|000008474005|
000000308|000008532003|
000000308|000008353002|
000000308|000008376004|
000000308|000008474004|
000000308|000008494002|
000000308|000008532002|
000000308|000008778003|
000000308|000008771004|
000000308|000008778002|
000000308|000008353005|
000000352|000008482005|
000000352|000008522005|
000000352|000008771003|
000000352|000008528002|
000000352|000008532005|
000000352|000008528005|
000000352|000008478005|
000000352|000008478003|
000000352|000008486004|
000000352|000008474003|
000000352|000008494002|
000000352|000008771002|
000000352|000008482003|
000000352|000008353004|
000000352|000008528004|
000000352|000008532003|
000000352|000008474005|
000000352|000008353005|
000000352|000008353003|
000000352|000008532004|
000000352|000008474004|
000000352|000008490003|
000000352|000008528003|
000000352|000008522002|
000000352|000008376003|
000000352|000008376005|
000000352|000008532002|
000000352|000008490002|
000000352|000008482004|
000000352|000008522004|
000000352|000008353002|
000000352|000008486003|
000000352|000008771004|
000000352|000008376002|
000000352|000008494003|
000000352|000008376004|
000000352|000008522003|
000000375|000008456002|
000000375|000008456004|
000000375|000008456005|
000000375|000008456003|
000000376|000008456005|
000000376|000008456002|
000000376|000008456003|
000000376|000008456004|
000000379|000008456002|
000000379|000008456003|
000000379|000008456004|
000000379|000008456005|
000000399|000008456005|
000000399|000008456002|
000000399|000008456004|
000000399|000008456003|
000000402|000008442003|
000000402|000008815004|
000000402|000008442004|
000000402|000008815005|
000000402|000008811005|
000000402|000008442005|
000000402|000008811002|
000000402|000008811004|
000000402|000008815003|
000000402|000008811003|
000000402|000008815002|
000000402|000008442002|
000000404|000008442005|
000000404|000008442004|
000000404|000008442002|
000000404|000008811005|
000000404|000008811002|
000000404|000008811004|
000000404|000008442003|
000000404|000008811003|
000000405|000008811002|
000000405|000008442003|
000000405|000008442005|
000000405|000008442004|
000000405|000008811003|
000000405|000008811005|
000000405|000008811004|
000000405|000008442002|
000000428|000008811005|
000000428|000008811003|
000000428|000008442005|
000000428|000008442004|
000000428|000008442003|
000000428|000008811002|
000000428|000008811004|
000000428|000008442002|
000000460|000008412002|
000000460|000008348002|
000000460|000008421002|
000000460|000008412003|
000000460|000008417002|
000000460|000008421005|
000000460|000008412004|
000000460|000008412005|
000000460|000008421003|
000000460|000008348003|
000000460|000008421004|
000000460|000008348005|
000000460|000008408002|
000000460|000008404002|
000000460|000008404003|
000000460|000008408004|
000000460|000008417005|
000000460|000008408003|
000000460|000008408005|
000000460|000008404004|
000000460|000008348004|
000000460|000008404005|
000000463|000008348004|
000000463|000008421002|
000000463|000008348003|
000000463|000008412002|
000000463|000008408002|
000000463|000008417003|
000000463|000008348002|
000000463|000008408003|
000000463|000008412005|
000000463|000008417005|
000000463|000008408005|
000000463|000008408004|
000000463|000008412004|
000000463|000008417002|
000000463|000008348005|
000000463|000008412003|
000000463|000008417004|
000000465|000008421005|
000000465|000008348002|
000000465|000008408004|
000000465|000008408002|
000000465|000008348004|
000000465|000008408003|
000000465|000008421004|
000000465|000008348005|
000000465|000008421003|
000000465|000008404002|
000000465|000008421002|
000000465|000008404003|
000000465|000008412005|
000000465|000008417005|
000000465|000008412004|
000000465|000008412003|
000000465|000008408005|
000000465|000008348003|
000000465|000008404004|
000000465|000008412002|
000000465|000008417002|
000000465|000008404005|
000000499|000008421003|
000000499|000008421004|
000000499|000008421005|
000000499|000008408005|
000000499|000008348002|
000000499|000008348003|
000000499|000008348004|
000000499|000008348005|
000000499|000008412002|
000000499|000008412003|
000000499|000008412004|
000000499|000008412005|
000000499|000008408004|
000000499|000008408003|
000000499|000008408002|
000000499|000008417005|
000000499|000008417002|
000000508|000008504005|
000000508|000008504004|
000000508|000008504002|
000000508|000008504003|
000000509|000008504005|
000000509|000008504004|
000000509|000008504002|
000000509|000008504003|
000000510|000008504002|
000000510|000008504005|
000000510|000008504003|
000000510|000008504004|
000000523|000008554002|
000000523|000008543002|
000000523|000008543003|
000000523|000008554003|
000000523|000008554004|
000000523|000008554005|
000000523|000008550002|
000000523|000008550005|
000000523|000008550003|
000000523|000008550004|
000000523|000008372002|
000000523|000008372003|
000000523|000008372005|
000000523|000008372004|
000000524|000008372004|
000000524|000008372005|
000000524|000008543003|
000000524|000008554002|
000000524|000008372002|
000000524|000008554003|
000000524|000008554004|
000000524|000008372003|
000000524|000008554005|
000000524|000008543002|
000000533|000008372004|
000000533|000008554004|
000000533|000008543003|
000000533|000008554005|
000000533|000008554002|
000000533|000008372003|
000000533|000008554003|
000000533|000008372002|
000000533|000008543002|
000000533|000008372005|
000000577|000008448005|
000000577|000008448003|
000000577|000008448002|
000000580|000008448005|
000000580|000008448003|
000000580|000008448002|
000000582|000008448005|
000000582|000008448003|
000000582|000008448004|
000000582|000008448002|
000000583|000008448005|
000000583|000008448003|
000000583|000008448004|
000000583|000008448002|
000000585|000008448003|
000000585|000008448004|
000000585|000008448002|
000000585|000008448005|
000000587|000008448003|
000000587|000008448004|
000000587|000008448005|
000000587|000008448002|
000000588|000008448005|
000000588|000008448003|
000000588|000008448004|
000000588|000008448002|
000000634|000008511003|
000000634|000008511005|
000000634|000008715002|
000000634|000008715004|
000000634|000008715003|
000000634|000008715005|
000000639|000008511004|
000000639|000008715004|
000000639|000008715002|
000000639|000008715003|
000000639|000008511005|
000000639|000008715005|
000000641|000008511005|
000000641|000008715002|
000000641|000008715005|
000000641|000008511002|
000000641|000008715004|
000000641|000008715003|
000000652|000008715002|
000000652|000008715004|
000000652|000008715003|
000000652|000008511005|
000000652|000008715005|
000000680|000008380002|
000000680|000008380005|
000000680|000008380003|
000000680|000008380004|
000000716|000008380002|
000000716|000008380003|
000000716|000008380005|
000000716|000008380004|
000000719|000008380004|
000000719|000008380002|
000000719|000008380003|
000000719|000008380005|
000000839|000008568003|
000000839|000008385002|
000000839|000008568005|
000000839|000008572003|
000000839|000008572004|
000000839|000008385003|
000000839|000008568004|
000000839|000008568002|
000000839|000008564002|
000000839|000008572002|
000000839|000008564003|
000000839|000008572005|
000000839|000008564005|
000000839|000008385004|
000000839|000008385005|
000000839|000008564004|
000000840|000008572004|
000000840|000008568003|
000000840|000008572003|
000000840|000008572005|
000000840|000008572002|
000000840|000008385002|
000000840|000008568005|
000000840|000008564005|
000000840|000008568004|
000000840|000008385003|
000000840|000008564002|
000000840|000008568002|
000000840|000008564003|
000000840|000008385004|
000000840|000008564004|
000000840|000008385005|
000000846|000008572005|
000000846|000008568002|
000000846|000008572002|
000000846|000008572003|
000000846|000008572004|
000000846|000008385003|
000000846|000008385002|
000000846|000008568005|
000000846|000008385004|
000000846|000008385005|
000000846|000008564005|
000000846|000008568003|
000000846|000008568004|
000000846|000008564002|
000000846|000008564003|
000000846|000008564004|
000000855|000008464004|
000000855|000008464003|
000000855|000008464005|
000000855|000008464006|
000000855|000008464002|
000000856|000008464002|
000000856|000008464004|
000000856|000008464006|
000000856|000008464003|
000000856|000008464005|
000000857|000008464004|
000000857|000008464003|
000000857|000008464002|
000000857|000008464006|
000000857|000008464005|
000000858|000008464002|
000000858|000008464005|
000000858|000008464006|
000000858|000008464003|
000000858|000008464004|
000000859|000008464005|
000000859|000008464006|
000000859|000008464003|
000000859|000008464004|
000000859|000008464002|
000000861|000008464005|
000000861|000008464003|
000000861|000008464002|
000000862|000008464003|
000000862|000008464002|
000000862|000008464005|
000000863|000008464003|
000000863|000008464002|
000000863|000008464005|
000000864|000008464003|
000000864|000008464002|
000000864|000008464005|
000000865|000008464003|
000000865|000008464004|
000000865|000008464005|
000000865|000008464002|
000000865|000008464006|
000000866|000008464006|
000000866|000008464005|
000000866|000008464004|
000000866|000008464003|
000000866|000008464002|
000000899|000008470002|
000000899|000008470003|
000000899|000008470004|
000000899|000008470005|
000000900|000008470004|
000000900|000008470003|
000000900|000008470002|
000000901|000008470004|
000000901|000008470003|
000000901|000008470002|
000000902|000008470004|
000000902|000008470003|
000000902|000008470002|
000000932|000008357006|
000000933|000008357002|
000000934|000008357005|
000000935|000008357003|
000000941|000008357002|
000000942|000008357005|
000000943|000008357003|
000001016|000008427005|
000001016|000008427004|
000001016|000008427002|
000001016|000008427003|
000001017|000008427004|
000001017|000008427002|
000001017|000008427003|
000001017|000008427005|
000001033|000008427002|
000001033|000008427005|
000001033|000008427003|
000001033|000008427004|
000001036|000008427003|
000001036|000008427002|
000001036|000008427005|
000001036|000008427004|
000001037|000008400005|
000001037|000008400002|
000001037|000008400003|
000001037|000008400004|
000001038|000008400002|
000001038|000008400003|
000001038|000008400005|
000001038|000008400004|
000001041|000008400002|
000001041|000008400003|
000001041|000008400004|
000001041|000008400005|
000001052|000008400004|
000001052|000008400003|
000001052|000008400005|
000001052|000008400002|
000001054|000008400005|
000001054|000008400003|
000001054|000008400002|
000001054|000008400004|
000001055|000008400002|
000001055|000008400005|
000001055|000008400003|
000001055|000008400004|
000001058|000008400005|
000001058|000008400002|
000001058|000008400003|
000001058|000008400004|
000001094|000008516004|
000001094|000008516003|
000001094|000008516002|
000001094|000008516005|
000001095|000008516002|
000001095|000008516005|
000001095|000008516003|
000001095|000008516004|
000001096|000008516002|
000001096|000008516005|
000001096|000008516004|
000001096|000008516003|
000001097|000008516005|
000001097|000008516004|
000001097|000008516002|
000001097|000008516003|
000001098|000008516005|
000001098|000008516002|
000001098|000008516004|
000001098|000008516003|
000001100|000008516002|
000001100|000008516003|
000001100|000008516005|
000001100|000008516004|
000001111|000008438002|
000001120|000008438003|
000001126|000008438003|
000001130|000008438004|
000001137|000008438005|
000001138|000008438005|
000001139|000008438005|
000001141|000008438005|
000001149|000008438004|
000001149|000008438003|
000001149|000008438002|
000001149|000008438005|
000001165|000008486004|
000001165|000008528003|
000001165|000008532005|
000001165|000008474004|
000001165|000008494003|
000001165|000008528002|
000001165|000008771002|
000001165|000008522004|
000001165|000008532004|
000001165|000008771003|
000001165|000008474005|
000001165|000008771004|
000001165|000008376002|
000001165|000008528005|
000001165|000008774002|
000001165|000008376004|
000001165|000008482002|
000001165|000008482005|
000001165|000008486003|
000001165|000008482003|
000001165|000008774003|
000001165|000008490003|
000001165|000008478003|
000001165|000008774004|
000001165|000008774005|
000001165|000008482004|
000001165|000008532002|
000001165|000008353003|
000001165|000008353002|
000001165|000008771005|
000001165|000008522002|
000001165|000008376005|
000001165|000008494002|
000001165|000008376003|
000001165|000008532003|
000001165|000008353005|
000001165|000008478005|
000001165|000008490002|
000001165|000008528004|
000001167|000008474005|
000001167|000008376002|
000001167|000008376005|
000001167|000008522004|
000001167|000008532005|
000001167|000008528003|
000001167|000008528002|
000001167|000008778005|
000001167|000008528005|
000001167|000008522002|
000001167|000008778002|
000001167|000008376003|
000001167|000008353002|
000001167|000008353005|
000001167|000008778003|
000001167|000008486003|
000001167|000008376004|
000001167|000008528004|
000001167|000008778004|
000001167|000008353003|
000001167|000008494002|
000001167|000008771003|
000001167|000008486005|
000001167|000008771004|
000001167|000008478005|
000001167|000008532003|
000001167|000008482004|
000001167|000008474004|
000001167|000008478003|
000001167|000008532002|
000001167|000008486004|
000001167|000008494003|
000001167|000008482005|
000001167|000008771002|
000001167|000008486002|
000001167|000008532004|
000001167|000008490003|
000001172|000008490003|
000001172|000008528002|
000001172|000008771002|
000001172|000008353005|
000001172|000008353003|
000001172|000008532005|
000001172|000008532003|
000001172|000008494003|
000001172|000008478003|
000001172|000008474002|
000001172|000008376003|
000001172|000008486004|
000001172|000008474003|
000001172|000008522005|
000001172|000008482003|
000001172|000008494002|
000001172|000008478005|
000001172|000008376005|
000001172|000008532002|
000001172|000008482004|
000001172|000008528004|
000001172|000008376004|
000001172|000008482005|
000001172|000008522002|
000001172|000008771003|
000001172|000008771004|
000001172|000008474004|
000001172|000008528003|
000001172|000008474005|
000001172|000008528005|
000001172|000008522004|
000001172|000008490002|
000001172|000008353002|
000001172|000008353004|
000001172|000008486003|
000001172|000008376002|
000001172|000008532004|
000001174|000008482004|
000001174|000008528004|
000001174|000008494002|
000001174|000008482002|
000001174|000008376004|
000001174|000008482005|
000001174|000008353003|
000001174|000008771004|
000001174|000008528005|
000001174|000008376002|
000001174|000008490003|
000001174|000008490002|
000001174|000008532003|
000001174|000008486003|
000001174|000008353005|
000001174|000008474005|
000001174|000008474004|
000001174|000008478003|
000001174|000008532002|
000001174|000008528003|
000001174|000008353002|
000001174|000008522002|
000001174|000008771003|
000001174|000008494003|
000001174|000008771002|
000001174|000008482003|
000001174|000008486004|
000001174|000008528002|
000001174|000008532004|
000001174|000008522004|
000001174|000008376003|
000001174|000008532005|
000001174|000008478005|
000001174|000008376005|
000001182|000008494003|
000001182|000008778005|
000001182|000008353003|
000001182|000008478003|
000001182|000008532002|
000001182|000008486004|
000001182|000008532004|
000001182|000008482005|
000001182|000008528002|
000001182|000008486002|
000001182|000008532005|
000001182|000008490003|
000001182|000008522002|
000001182|000008528005|
000001182|000008771003|
000001182|000008771002|
000001182|000008474005|
000001182|000008528003|
000001182|000008778002|
000001182|000008353002|
000001182|000008532003|
000001182|000008478005|
000001182|000008353005|
000001182|000008778003|
000001182|000008771004|
000001182|000008486003|
000001182|000008522004|
000001182|000008376005|
000001182|000008376003|
000001182|000008376004|
000001182|000008376002|
000001182|000008474004|
000001182|000008528004|
000001182|000008778004|
000001182|000008486005|
000001182|000008482004|
000001182|000008494002|
000001182|000008771005|
000001344|000008376003|
000001344|000008482004|
000001344|000008771002|
000001344|000008486004|
000001344|000008771004|
000001344|000008490002|
000001344|000008532004|
000001344|000008532005|
000001344|000008528005|
000001344|000008490003|
000001344|000008528002|
000001344|000008486003|
000001344|000008522002|
000001344|000008474004|
000001344|000008494002|
000001344|000008532003|
000001344|000008478005|
000001344|000008522004|
000001344|000008528003|
000001344|000008376005|
000001344|000008376002|
000001344|000008474005|
000001344|000008482003|
000001344|000008494003|
000001344|000008482005|
000001344|000008532002|
000001344|000008353003|
000001344|000008528004|
000001344|000008353002|
000001344|000008478003|
000001344|000008771003|
000001344|000008353005|
000001344|000008376004|
000001345|000008532003|
000001345|000008528004|
000001345|000008771004|
000001345|000008490005|
000001345|000008528005|
000001345|000008353003|
000001345|000008490004|
000001345|000008353005|
000001345|000008532004|
000001345|000008528003|
000001345|000008532002|
000001345|000008522004|
000001345|000008771003|
000001345|000008486004|
000001345|000008522002|
000001345|000008376004|
000001345|000008490003|
000001345|000008376002|
000001345|000008482004|
000001345|000008490002|
000001345|000008482005|
000001345|000008486003|
000001345|000008494003|
000001345|000008478005|
000001345|000008482003|
000001345|000008474005|
000001345|000008478003|
000001345|000008376005|
000001345|000008532005|
000001345|000008528002|
000001345|000008353002|
000001345|000008474004|
000001345|000008771002|
000001345|000008376003|
000001345|000008494002|
000001346|000008494002|
000001346|000008490002|
000001346|000008482002|
000001346|000008771004|
000001346|000008353005|
000001346|000008482005|
000001346|000008528004|
000001346|000008486003|
000001346|000008771002|
000001346|000008532003|
000001346|000008494003|
000001346|000008478005|
000001346|000008532002|
000001346|000008771003|
000001346|000008482003|
000001346|000008532004|
000001346|000008376005|
000001346|000008474005|
000001346|000008376003|
000001346|000008478003|
000001346|000008486004|
000001346|000008528003|
000001346|000008532005|
000001346|000008528002|
000001346|000008522004|
000001346|000008474004|
000001346|000008482004|
000001346|000008522002|
000001346|000008376004|
000001346|000008376002|
000001346|000008490003|
000001346|000008353003|
000001346|000008528005|
000001346|000008353002|
000001348|000008490003|
000001348|000008478003|
000001348|000008474005|
000001348|000008532005|
000001348|000008771003|
000001348|000008532004|
000001348|000008528005|
000001348|000008376002|
000001348|000008528002|
000001348|000008778004|
000001348|000008376005|
000001348|000008478005|
000001348|000008474004|
000001348|000008532003|
000001348|000008486004|
000001348|000008494002|
000001348|000008528003|
000001348|000008486005|
000001348|000008771004|
000001348|000008482004|
000001348|000008376003|
000001348|000008353002|
000001348|000008528004|
000001348|000008778003|
000001348|000008522004|
000001348|000008778005|
000001348|000008376004|
000001348|000008486002|
000001348|000008486003|
000001348|000008778002|
000001348|000008494003|
000001348|000008353005|
000001348|000008771002|
000001348|000008482005|
000001348|000008522002|
000001348|000008353003|
000001348|000008532002|
000001360|000008456004|
000001360|000008456002|
000001360|000008456003|
000001360|000008456005|
000001361|000008456004|
000001361|000008456002|
000001361|000008456005|
000001361|000008456003|
000001362|000008456005|
000001362|000008456004|
000001362|000008456003|
000001362|000008456002|
000001367|000008400002|
000001367|000008400003|
000001367|000008400005|
000001367|000008400004|
000001368|000008400004|
000001368|000008400003|
000001368|000008400002|
000001368|000008400005|
000001369|000008400005|
000001369|000008400004|
000001369|000008400003|
000001369|000008400002|
000001370|000008400003|
000001370|000008400004|
000001370|000008400002|
000001370|000008400005|
000001400|000008448003|
000001400|000008448005|
000001400|000008448002|
000001400|000008448004|
000001423|000008494002|
000001423|000008532003|
000001423|000008478005|
000001423|000008482004|
000001423|000008771004|
000001423|000008474004|
000001423|000008494003|
000001423|000008522002|
000001423|000008482005|
000001423|000008490003|
000001423|000008486003|
000001423|000008528002|
000001423|000008528005|
000001423|000008532002|
000001423|000008771003|
000001423|000008478003|
000001423|000008486004|
000001423|000008532005|
000001423|000008532004|
000001423|000008522004|
000001423|000008528004|
000001423|000008353003|
000001423|000008353002|
000001423|000008778003|
000001423|000008778004|
000001423|000008778002|
000001423|000008376004|
000001423|000008353005|
000001423|000008778005|
000001423|000008771002|
000001423|000008376002|
000001423|000008474005|
000001423|000008376005|
000001423|000008376003|
000001423|000008528003|
000001447|000008395004|
000001447|000008395003|
000001447|000008930004|
000001447|000008921005|
000001447|000008395005|
000001447|000008930005|
000001447|000008921002|
000001447|000008930003|
000001447|000008395002|
000001447|000008921004|
000001447|000008921003|
000001447|000008930002|
000001448|000008930004|
000001448|000008395002|
000001448|000008921005|
000001448|000008395005|
000001448|000008395003|
000001448|000008930003|
000001448|000008930005|
000001448|000008921004|
000001448|000008921002|
000001448|000008930002|
000001448|000008921003|
000001448|000008395004|
000001449|000008395005|
000001449|000008930003|
000001449|000008395004|
000001449|000008930005|
000001449|000008395003|
000001449|000008921004|
000001449|000008921005|
000001449|000008395002|
000001449|000008930004|
000001449|000008921002|
000001449|000008921003|
000001449|000008930002|
000001455|000008438002|
000001456|000008438002|
000001462|000008438003|
000001463|000008438003|
000001464|000008438003|
000001467|000008438004|
000001468|000008438004|
000001469|000008438004|
000001472|000008427004|
000001472|000008427003|
000001472|000008427002|
000001472|000008427005|
000001477|000008442004|
000001477|000008811003|
000001477|000008815002|
000001477|000008815005|
000001477|000008815004|
000001477|000008815003|
000001477|000008811004|
000001477|000008442003|
000001477|000008442002|
000001477|000008811002|
000001477|000008811005|
000001477|000008442005|
000001478|000008811005|
000001478|000008811004|
000001478|000008442002|
000001478|000008811003|
000001478|000008815005|
000001478|000008811002|
000001478|000008815004|
000001478|000008442004|
000001478|000008442003|
000001478|000008442005|
000001478|000008815002|
000001478|000008815003|
000001483|000008464005|
000001483|000008464002|
000001483|000008464004|
000001483|000008464003|
000001483|000008464006|
000001485|000008464005|
000001485|000008464002|
000001485|000008464003|
000001486|000008464002|
000001486|000008464003|
000001486|000008464005|
000001527|000008376003|
000001527|000008778005|
000001527|000008528003|
000001527|000008376005|
000001527|000008353002|
000001527|000008478004|
000001527|000008474005|
000001527|000008494002|
000001527|000008478005|
000001527|000008532003|
000001527|000008771002|
000001527|000008528004|
000001527|000008522004|
000001527|000008522003|
000001527|000008353003|
000001527|000008486005|
000001527|000008522002|
000001527|000008490003|
000001527|000008478002|
000001527|000008778003|
000001527|000008771004|
000001527|000008482004|
000001527|000008486004|
000001527|000008486003|
000001527|000008778002|
000001527|000008486002|
000001527|000008478003|
000001527|000008778004|
000001527|000008771003|
000001527|000008532002|
000001527|000008376002|
000001527|000008474004|
000001527|000008528002|
000001527|000008353005|
000001527|000008482005|
000001527|000008528005|
000001527|000008376004|
000001527|000008532005|
000001527|000008532004|
000001527|000008494003|
000001536|000008367002|
000001536|000008367003|
000001536|000008367005|
000001536|000008877005|
000001536|000008367004|
000001536|000008872003|
000001536|000008872002|
000001536|000008877004|
000001536|000008877003|
000001536|000008877002|
000001536|000008881005|
000001536|000008881004|
000001536|000008881003|
000001536|000008881002|
000001537|000008367004|
000001537|000008367003|
000001537|000008872005|
000001537|000008367002|
000001537|000008872004|
000001537|000008367005|
000001537|000008872003|
000001546|000008504004|
000001546|000008504005|
000001546|000008504002|
000001546|000008504003|
000001552|000008470002|
000001552|000008470003|
000001552|000008470004|
000001553|000008470002|
000001553|000008470003|
000001553|000008470004|
000001565|000008504004|
000001565|000008504003|
000001565|000008504005|
000001565|000008504002|
000001567|000008504005|
000001567|000008504002|
000001567|000008504003|
000001567|000008504004|
000001568|000008504002|
000001568|000008504004|
000001568|000008504005|
000001568|000008504003|
000001569|000008504004|
000001569|000008504003|
000001569|000008504005|
000001569|000008504002|
000001570|000008504002|
000001570|000008504003|
000001570|000008504004|
000001570|000008504005|
000001571|000008504004|
000001571|000008504003|
000001571|000008504005|
000001571|000008504002|
000001572|000008504003|
000001572|000008504005|
000001572|000008504002|
000001572|000008504004|
000001580|000008564004|
000001580|000008385003|
000001580|000008564003|
000001580|000008564002|
000001580|000008572003|
000001580|000008568003|
000001580|000008385004|
000001580|000008568004|
000001580|000008385005|
000001580|000008572002|
000001580|000008385002|
000001580|000008572005|
000001580|000008568002|
000001580|000008568005|
000001580|000008572004|
000001580|000008564005|
000001589|000008438005|
000001647|000008438005|
000001658|000008516003|
000001658|000008516004|
000001658|000008516005|
000001658|000008516002|
000001659|000008516003|
000001659|000008516002|
000001659|000008516005|
000001659|000008516004|
000001660|000008516003|
000001660|000008516005|
000001660|000008516004|
000001660|000008516002|
000001661|000008516005|
000001661|000008516002|
000001661|000008516004|
000001661|000008516003|
000002080|000008872002|
000002080|000008872003|
000002080|000008877005|
000002080|000008877004|
000002080|000008881005|
000002080|000008877003|
000002080|000008881003|
000002080|000008881002|
000002080|000008877002|
000002080|000008881004|
000002080|000008367004|
000002080|000008367005|
000002080|000008367003|
000002080|000008367002|
000002108|000008554004|
000002108|000008554003|
000002108|000008546004|
000002108|000008372005|
000002108|000008554002|
000002108|000008372004|
000002108|000008546002|
000002108|000008543003|
000002108|000008554005|
000002108|000008372002|
000002108|000008546003|
000002108|000008546005|
000002108|000008372003|
000002108|000008543002|
000002109|000008554002|
000002109|000008372005|
000002109|000008554003|
000002109|000008543003|
000002109|000008554004|
000002109|000008372004|
000002109|000008543002|
000002109|000008372003|
000002109|000008554005|
000002109|000008372002|
000002109|000008543005|
000002109|000008543004|
000002234|000008528004|
000002234|000008353005|
000002234|000008474005|
000002234|000008490002|
000002234|000008771002|
000002234|000008376005|
000002234|000008494003|
000002234|000008771004|
000002234|000008532004|
000002234|000008482002|
000002234|000008522002|
000002234|000008482004|
000002234|000008482005|
000002234|000008532003|
000002234|000008478003|
000002234|000008522004|
000002234|000008478005|
000002234|000008486004|
000002234|000008528003|
000002234|000008474004|
000002234|000008771003|
000002234|000008532002|
000002234|000008528002|
000002234|000008486003|
000002234|000008353003|
000002234|000008490003|
000002234|000008376004|
000002234|000008353002|
000002234|000008494002|
000002234|000008528005|
000002234|000008532005|
000002234|000008376003|
000002234|000008376002|
000002234|000008482003|
000002266|000008528003|
000002266|000008532003|
000002266|000008353002|
000002266|000008474005|
000002266|000008376002|
000002266|000008486004|
000002266|000008528004|
000002266|000008353003|
000002266|000008771004|
000002266|000008494002|
000002266|000008771002|
000002266|000008478005|
000002266|000008522002|
000002266|000008482004|
000002266|000008532005|
000002266|000008376004|
000002266|000008771003|
000002266|000008522004|
000002266|000008532004|
000002266|000008482005|
000002266|000008474004|
000002266|000008482002|
000002266|000008376005|
000002266|000008532002|
000002266|000008376003|
000002266|000008353005|
000002266|000008482003|
000002266|000008486003|
000002266|000008494003|
000002266|000008528002|
000002266|000008478003|
000002266|000008490002|
000002266|000008490003|
000002266|000008528005|
000002350|000008372004|
000002350|000008554004|
000002350|000008543002|
000002350|000008372005|
000002350|000008554005|
000002350|000008372002|
000002350|000008372003|
000002350|000008554003|
000002350|000008554002|
000002350|000008543003|
000002351|000008372003|
000002351|000008543004|
000002351|000008554002|
000002351|000008554005|
000002351|000008372005|
000002351|000008372004|
000002351|000008543003|
000002351|000008543002|
000002351|000008543005|
000002351|000008554003|
000002351|000008372002|
000002351|000008554004|
000002352|000008546005|
000002352|000008372003|
000002352|000008546004|
000002352|000008543002|
000002352|000008372002|
000002352|000008554005|
000002352|000008546002|
000002352|000008554004|
000002352|000008543003|
000002352|000008372004|
000002352|000008554002|
000002352|000008546003|
000002352|000008372005|
000002352|000008554003|
000002353|000008546004|
000002353|000008554005|
000002353|000008554002|
000002353|000008372002|
000002353|000008546003|
000002353|000008554003|
000002353|000008543003|
000002353|000008372003|
000002353|000008546005|
000002353|000008546002|
000002353|000008372004|
000002353|000008554004|
000002353|000008372005|
000002353|000008543002|
000002354|000008554002|
000002354|000008546004|
000002354|000008543002|
000002354|000008554003|
000002354|000008543003|
000002354|000008554005|
000002354|000008372005|
000002354|000008372003|
000002354|000008546002|
000002354|000008554004|
000002354|000008546003|
000002354|000008372004|
000002354|000008546005|
000002354|000008372002|
000002355|000008372005|
000002355|000008372004|
000002355|000008372002|
000002355|000008543004|
000002355|000008554005|
000002355|000008554004|
000002355|000008543003|
000002355|000008554002|
000002355|000008554003|
000002355|000008372003|
000002355|000008543002|
000002355|000008543005|
000002378|000008380004|
000002378|000008380002|
000002378|000008380005|
000002378|000008380003|
000002385|000008380002|
000002385|000008380003|
000002385|000008380005|
000002385|000008380004|
000002386|000008380005|
000002386|000008380003|
000002386|000008380002|
000002386|000008380004|
000002460|000008400005|
000002460|000008400002|
000002460|000008400003|
000002460|000008400004|
000002468|000008532002|
000002468|000008376002|
000002468|000008774002|
000002468|000008474004|
000002468|000008528003|
000002468|000008771003|
000002468|000008376003|
000002468|000008486003|
000002468|000008353003|
000002468|000008771002|
000002468|000008490003|
000002468|000008528004|
000002468|000008528002|
000002468|000008353005|
000002468|000008474005|
000002468|000008774005|
000002468|000008771004|
000002468|000008490002|
000002468|000008494003|
000002468|000008376005|
000002468|000008528005|
000002468|000008494005|
000002468|000008494004|
000002468|000008376004|
000002468|000008532004|
000002468|000008522002|
000002468|000008353002|
000002468|000008482004|
000002468|000008482005|
000002468|000008494002|
000002468|000008478003|
000002468|000008532003|
000002468|000008774004|
000002468|000008522004|
000002468|000008774003|
000002468|000008486004|
000002468|000008532005|
000002468|000008478005|
000002468|000008482003|
000002472|000008470004|
000002472|000008470003|
000002472|000008470005|
000002472|000008470002|
000002477|000008385003|
000002477|000008564004|
000002477|000008564003|
000002477|000008385004|
000002477|000008572004|
000002477|000008572002|
000002477|000008568002|
000002477|000008564002|
000002477|000008568003|
000002477|000008572003|
000002477|000008564005|
000002477|000008385002|
000002477|000008572005|
000002477|000008568005|
000002477|000008385005|
000002477|000008568004|
000002478|000008385003|
000002478|000008385002|
000002478|000008385004|
000002478|000008560005|
000002478|000008560004|
000002478|000008560003|
000002478|000008560002|
000002478|000008385005|
000002482|000008470004|
000002482|000008470003|
000002482|000008470002|
000002489|000008868003|
000002489|000008872003|
000002489|000008868004|
000002489|000008872002|
000002489|000008367005|
000002489|000008367004|
000002489|000008885004|
000002489|000008885003|
000002489|000008881004|
000002489|000008881003|
000002489|000008367002|
000002489|000008367003|
000002489|000008881005|
000002489|000008881002|
000002489|000008885002|
000002490|000008868002|
000002490|000008868004|
000002490|000008367002|
000002490|000008868003|
000002490|000008872003|
000002490|000008868005|
000002490|000008367005|
000002490|000008367003|
000002490|000008367004|
000002491|000008881004|
000002491|000008367003|
000002491|000008868004|
000002491|000008868003|
000002491|000008872002|
000002491|000008881002|
000002491|000008872003|
000002491|000008881005|
000002491|000008367005|
000002491|000008367004|
000002491|000008367002|
000002491|000008881003|
000002492|000008881005|
000002492|000008868003|
000002492|000008872002|
000002492|000008367002|
000002492|000008881004|
000002492|000008881002|
000002492|000008868004|
000002492|000008367003|
000002492|000008367005|
000002492|000008881003|
000002492|000008872003|
000002492|000008367004|
000002495|000008872003|
000002495|000008868003|
000002495|000008868004|
000002495|000008367005|
000002495|000008367004|
000002495|000008367003|
000002495|000008367002|
000002500|000008427002|
000002500|000008427004|
000002500|000008427003|
000002500|000008427005|
000002518|000008930005|
000002518|000008930004|
000002518|000008395005|
000002518|000008921002|
000002518|000008395002|
000002518|000008921003|
000002518|000008921004|
000002518|000008930003|
000002518|000008921005|
000002518|000008930002|
000002520|000008921003|
000002520|000008921004|
000002520|000008921002|
000002520|000008921005|
000002520|000008926005|
000002520|000008926004|
000002520|000008926003|
000002520|000008926002|
000002520|000008930005|
000002520|000008930004|
000002520|000008930002|
000002520|000008930003|
000002525|000008504002|
000002525|000008504005|
000002525|000008504004|
000002525|000008504003|
000002528|000008417005|
000002528|000008412004|
000002528|000008348003|
000002528|000008421002|
000002528|000008408005|
000002528|000008348004|
000002528|000008412003|
000002528|000008417002|
000002528|000008421003|
000002528|000008412002|
000002528|000008404005|
000002528|000008408002|
000002528|000008348002|
000002528|000008421004|
000002528|000008404004|
000002528|000008408004|
000002528|000008417004|
000002528|000008412005|
000002528|000008404003|
000002528|000008404002|
000002528|000008421005|
000002528|000008348005|
000002528|000008417003|
000002528|000008408003|
000002529|000008412005|
000002529|000008348003|
000002529|000008412004|
000002529|000008348004|
000002529|000008412003|
000002529|000008412002|
000002529|000008348002|
000002529|000008348005|
000002529|000008408002|
000002529|000008417005|
000002529|000008408004|
000002529|000008417004|
000002529|000008417002|
000002529|000008408005|
000002529|000008408003|
000002529|000008417003|
000002530|000008528004|
000002530|000008353003|
000002530|000008771004|
000002530|000008376004|
000002530|000008474004|
000002530|000008490005|
000002530|000008486003|
000002530|000008490004|
000002530|000008494002|
000002530|000008353005|
000002530|000008490003|
000002530|000008528005|
000002530|000008376005|
000002530|000008376003|
000002530|000008490002|
000002530|000008528002|
000002530|000008771003|
000002530|000008532004|
000002530|000008532002|
000002530|000008482005|
000002530|000008478005|
000002530|000008522002|
000002530|000008478003|
000002530|000008522004|
000002530|000008532003|
000002530|000008482004|
000002530|000008482003|
000002530|000008474005|
000002530|000008528003|
000002530|000008376002|
000002530|000008532005|
000002530|000008353002|
000002530|000008494003|
000002530|000008486004|
000002530|000008771002|
000002534|000008448002|
000002534|000008448003|
000002534|000008448005|
000002535|000008448005|
000002535|000008448002|
000002535|000008448003|
000002535|000008448004|
000002537|000008448003|
000002537|000008448002|
000002537|000008448005|
000002563|000008516004|
000002563|000008516005|
000002563|000008516002|
000002563|000008516003|
000002567|000008516004|
000002567|000008516005|
000002567|000008516002|
000002567|000008516003|
000002582|000008438002|
000002594|000008500004|
000002594|000008500005|
000002594|000008500002|
000002594|000008500003|
000002595|000008500004|
000002595|000008500002|
000002595|000008500003|
000002595|000008500005|
000002596|000008500004|
000002596|000008500005|
000002596|000008500003|
000002596|000008500002|
000002597|000008500004|
000002597|000008500003|
000002597|000008500005|
000002597|000008500002|
000002607|000008380004|
000002607|000008380005|
000002607|000008380003|
000002607|000008380002|
000002608|000008380004|
000002608|000008380005|
000002608|000008380002|
000002608|000008380003|
000002609|000008380004|
000002609|000008380005|
000002609|000008380003|
000002609|000008380002|
000002624|000008432002|
000002624|000008432004|
000002624|000008432003|
000002624|000008432005|
000002625|000008432003|
000002625|000008432005|
000002625|000008432002|
000002625|000008432004|
000002626|000008432005|
000002626|000008432004|
000002626|000008432002|
000002626|000008432003|
000002677|000008474004|
000002677|000008482004|
000002677|000008353002|
000002677|000008774005|
000002677|000008532002|
000002677|000008478003|
000002677|000008522004|
000002677|000008494003|
000002677|000008771002|
000002677|000008482003|
000002677|000008532005|
000002677|000008482005|
000002677|000008771003|
000002677|000008486003|
000002677|000008771004|
000002677|000008522002|
000002677|000008528003|
000002677|000008532004|
000002677|000008376004|
000002677|000008376002|
000002677|000008478005|
000002677|000008490002|
000002677|000008532003|
000002677|000008494002|
000002677|000008474005|
000002677|000008774003|
000002677|000008528004|
000002677|000008494004|
000002677|000008528002|
000002677|000008528005|
000002677|000008353005|
000002677|000008490003|
000002677|000008353003|
000002677|000008376003|
000002677|000008771005|
000002677|000008774004|
000002677|000008494005|
000002677|000008376005|
000002677|000008774002|
000002677|000008486004|
000002688|000008412005|
000002688|000008348005|
000002688|000008421005|
000002688|000008408004|
000002688|000008408005|
000002688|000008348002|
000002688|000008404003|
000002688|000008404002|
000002688|000008421004|
000002688|000008412002|
000002688|000008348003|
000002688|000008417002|
000002688|000008421002|
000002688|000008404005|
000002688|000008421003|
000002688|000008348004|
000002688|000008408003|
000002688|000008412003|
000002688|000008404004|
000002688|000008417005|
000002688|000008408002|
000002688|000008412004|
000002694|000008348004|
000002694|000008348002|
000002694|000008408004|
000002694|000008421005|
000002694|000008348003|
000002694|000008412005|
000002694|000008348005|
000002694|000008408005|
000002694|000008417002|
000002694|000008408002|
000002694|000008417004|
000002694|000008417003|
000002694|000008417005|
000002694|000008412004|
000002694|000008421003|
000002694|000008412002|
000002694|000008421004|
000002694|000008408003|
000002694|000008412003|
000002701|000008528005|
000002701|000008532002|
000002701|000008353002|
000002701|000008478005|
000002701|000008474005|
000002701|000008494002|
000002701|000008478003|
000002701|000008771002|
000002701|000008490003|
000002701|000008528003|
000002701|000008474003|
000002701|000008482004|
000002701|000008494003|
000002701|000008486003|
000002701|000008532003|
000002701|000008522005|
000002701|000008482005|
000002701|000008771004|
000002701|000008353003|
000002701|000008486004|
000002701|000008376003|
000002701|000008771003|
000002701|000008376004|
000002701|000008353004|
000002701|000008376005|
000002701|000008532005|
000002701|000008490005|
000002701|000008490004|
000002701|000008474004|
000002701|000008528004|
000002701|000008532004|
000002701|000008482003|
000002701|000008490002|
000002701|000008353005|
000002701|000008522004|
000002701|000008522002|
000002701|000008376002|
000002701|000008528002|
000002702|000008771004|
000002702|000008376004|
000002702|000008474004|
000002702|000008376002|
000002702|000008353002|
000002702|000008494002|
000002702|000008528002|
000002702|000008532002|
000002702|000008486002|
000002702|000008353005|
000002702|000008778003|
000002702|000008353004|
000002702|000008490003|
000002702|000008532004|
000002702|000008522002|
000002702|000008482004|
000002702|000008528004|
000002702|000008771002|
000002702|000008486003|
000002702|000008474003|
000002702|000008522004|
000002702|000008778004|
000002702|000008486005|
000002702|000008353003|
000002702|000008486004|
000002702|000008528003|
000002702|000008528005|
000002702|000008522005|
000002702|000008778005|
000002702|000008376005|
000002702|000008376003|
000002702|000008478005|
000002702|000008494003|
000002702|000008532005|
000002702|000008532003|
000002702|000008771003|
000002702|000008478003|
000002702|000008474005|
000002702|000008482005|
000002702|000008778002|
000002707|000008353003|
000002707|000008528004|
000002707|000008486004|
000002707|000008376003|
000002707|000008490002|
000002707|000008490003|
000002707|000008528002|
000002707|000008494002|
000002707|000008486003|
000002707|000008353005|
000002707|000008528005|
000002707|000008532003|
000002707|000008771002|
000002707|000008478003|
000002707|000008376002|
000002707|000008478005|
000002707|000008474005|
000002707|000008522002|
000002707|000008771003|
000002707|000008532004|
000002707|000008482005|
000002707|000008376004|
000002707|000008482002|
000002707|000008532005|
000002707|000008474004|
000002707|000008771004|
000002707|000008532002|
000002707|000008522004|
000002707|000008482004|
000002707|000008528003|
000002707|000008482003|
000002707|000008376005|
000002707|000008353002|
000002707|000008494003|
000002738|000008353005|
000002738|000008532002|
000002738|000008376002|
000002738|000008522002|
000002738|000008353003|
000002738|000008474004|
000002738|000008490003|
000002738|000008478005|
000002738|000008474005|
000002738|000008478003|
000002738|000008528003|
000002738|000008482003|
000002738|000008532005|
000002738|000008771003|
000002738|000008771004|
000002738|000008494003|
000002738|000008486003|
000002738|000008494002|
000002738|000008528002|
000002738|000008771002|
000002738|000008532003|
000002738|000008482004|
000002738|000008482005|
000002738|000008528005|
000002738|000008532004|
000002738|000008376004|
000002738|000008490002|
000002738|000008528004|
000002738|000008376003|
000002738|000008486004|
000002738|000008522004|
000002738|000008353002|
000002738|000008376005|
000002748|000008478005|
000002748|000008494002|
000002748|000008778003|
000002748|000008528004|
000002748|000008532003|
000002748|000008353005|
000002748|000008778002|
000002748|000008522002|
000002748|000008490003|
000002748|000008778004|
000002748|000008528003|
000002748|000008771003|
000002748|000008353003|
000002748|000008778005|
000002748|000008522004|
000002748|000008771002|
000002748|000008486002|
000002748|000008486004|
000002748|000008486005|
000002748|000008532002|
000002748|000008482005|
000002748|000008482004|
000002748|000008532004|
000002748|000008486003|
000002748|000008376005|
000002748|000008478003|
000002748|000008376002|
000002748|000008474005|
000002748|000008474004|
000002748|000008528002|
000002748|000008353002|
000002748|000008494003|
000002748|000008376004|
000002748|000008376003|
000002748|000008528005|
000002748|000008532005|
000002748|000008771004|
000002749|000008400005|
000002749|000008400004|
000002749|000008400002|
000002749|000008400003|
000002750|000008400003|
000002750|000008400005|
000002750|000008400002|
000002750|000008400004|
000002755|000008427005|
000002755|000008427002|
000002755|000008427003|
000002755|000008427004|
000002756|000008427005|
000002756|000008427004|
000002756|000008427002|
000002756|000008427003|
000002757|000008432005|
000002757|000008432004|
000002757|000008432003|
000002757|000008432002|
000002758|000008438005|
000002758|000008438003|
000002758|000008438002|
000002758|000008438004|
000002759|000008448002|
000002759|000008448003|
000002759|000008448005|
000002773|000008478003|
000002773|000008771003|
000002773|000008482003|
000002773|000008490003|
000002773|000008528005|
000002773|000008532002|
000002773|000008486003|
000002773|000008376005|
000002773|000008353003|
000002773|000008482004|
000002773|000008474004|
000002773|000008353002|
000002773|000008532005|
000002773|000008522004|
000002773|000008528004|
000002773|000008494003|
000002773|000008486004|
000002773|000008376004|
000002773|000008353005|
000002773|000008522002|
000002773|000008490002|
000002773|000008478005|
000002773|000008532004|
000002773|000008494002|
000002773|000008376002|
000002773|000008532003|
000002773|000008771002|
000002773|000008474005|
000002773|000008528003|
000002773|000008482005|
000002773|000008771004|
000002773|000008376003|
000002773|000008528002|
000002773|000008482002|
000002775|000008478005|
000002775|000008376005|
000002775|000008486004|
000002775|000008490002|
000002775|000008353005|
000002775|000008528004|
000002775|000008376003|
000002775|000008494002|
000002775|000008376002|
000002775|000008528002|
000002775|000008490003|
000002775|000008528005|
000002775|000008532003|
000002775|000008771005|
000002775|000008771002|
000002775|000008771004|
000002775|000008474005|
000002775|000008353003|
000002775|000008376004|
000002775|000008494003|
000002775|000008528003|
000002775|000008482003|
000002775|000008771003|
000002775|000008532005|
000002775|000008522002|
000002775|000008474004|
000002775|000008478003|
000002775|000008532002|
000002775|000008532004|
000002775|000008486003|
000002775|000008482004|
000002775|000008482005|
000002775|000008482002|
000002775|000008522004|
000002775|000008353002|
000002793|000008353005|
000002793|000008494002|
000002793|000008486003|
000002793|000008482004|
000002793|000008771004|
000002793|000008474004|
000002793|000008353002|
000002793|000008532004|
000002793|000008528002|
000002793|000008528004|
000002793|000008532002|
000002793|000008532005|
000002793|000008376004|
000002793|000008376003|
000002793|000008490003|
000002793|000008376002|
000002793|000008486004|
000002793|000008771002|
000002793|000008490002|
000002793|000008528005|
000002793|000008474005|
000002793|000008522004|
000002793|000008353003|
000002793|000008478003|
000002793|000008482002|
000002793|000008771003|
000002793|000008532003|
000002793|000008528003|
000002793|000008478005|
000002793|000008482003|
000002793|000008482005|
000002793|000008376005|
000002793|000008522002|
000002793|000008494003|
000002796|000008532004|
000002796|000008376002|
000002796|000008528005|
000002796|000008376003|
000002796|000008482004|
000002796|000008532002|
000002796|000008482005|
000002796|000008486003|
000002796|000008494003|
000002796|000008482003|
000002796|000008522005|
000002796|000008478003|
000002796|000008474005|
000002796|000008474004|
000002796|000008486004|
000002796|000008771002|
000002796|000008522004|
000002796|000008771003|
000002796|000008353003|
000002796|000008482002|
000002796|000008528003|
000002796|000008478005|
000002796|000008353004|
000002796|000008522002|
000002796|000008376005|
000002796|000008353002|
000002796|000008494002|
000002796|000008353005|
000002796|000008528004|
000002796|000008528002|
000002796|000008376004|
000002796|000008490003|
000002796|000008490002|
000002796|000008474003|
000002796|000008771004|
000002796|000008532005|
000002796|000008532003|
000002802|000008494002|
000002802|000008376004|
000002802|000008528002|
000002802|000008353002|
000002802|000008482003|
000002802|000008376005|
000002802|000008376002|
000002802|000008482004|
000002802|000008771004|
000002802|000008376003|
000002802|000008482005|
000002802|000008478003|
000002802|000008532002|
000002802|000008522004|
000002802|000008353003|
000002802|000008771002|
000002802|000008486003|
000002802|000008490003|
000002802|000008486004|
000002802|000008528003|
000002802|000008532003|
000002802|000008353005|
000002802|000008771003|
000002802|000008522002|
000002802|000008474005|
000002802|000008532005|
000002802|000008478005|
000002802|000008490002|
000002802|000008528004|
000002802|000008532004|
000002802|000008494003|
000002802|000008474004|
000002802|000008528005|
000002803|000008376003|
000002803|000008522004|
000002803|000008478003|
000002803|000008532004|
000002803|000008482003|
000002803|000008528005|
000002803|000008528003|
000002803|000008774005|
000002803|000008532003|
000002803|000008771003|
000002803|000008771004|
000002803|000008528004|
000002803|000008478005|
000002803|000008522002|
000002803|000008532005|
000002803|000008532002|
000002803|000008494003|
000002803|000008494004|
000002803|000008482005|
000002803|000008494005|
000002803|000008490002|
000002803|000008482004|
000002803|000008774004|
000002803|000008474005|
000002803|000008486004|
000002803|000008353005|
000002803|000008774003|
000002803|000008490003|
000002803|000008774002|
000002803|000008486003|
000002803|000008771002|
000002803|000008353003|
000002803|000008494002|
000002803|000008474004|
000002803|000008376004|
000002803|000008376005|
000002803|000008376002|
000002803|000008528002|
000002803|000008353002|
000002804|000008528002|
000002804|000008490002|
000002804|000008532004|
000002804|000008482004|
000002804|000008494002|
000002804|000008528004|
000002804|000008376005|
000002804|000008376002|
000002804|000008353002|
000002804|000008353005|
000002804|000008486004|
000002804|000008490003|
000002804|000008771004|
000002804|000008528003|
000002804|000008376004|
000002804|000008771002|
000002804|000008353003|
000002804|000008522004|
000002804|000008771003|
000002804|000008522002|
000002804|000008474005|
000002804|000008376003|
000002804|000008532003|
000002804|000008532005|
000002804|000008494003|
000002804|000008482003|
000002804|000008486003|
000002804|000008478005|
000002804|000008532002|
000002804|000008478003|
000002804|000008482005|
000002804|000008528005|
000002804|000008474004|
000002805|000008478005|
000002805|000008474004|
000002805|000008474005|
000002805|000008771002|
000002805|000008522004|
000002805|000008486004|
000002805|000008532003|
000002805|000008522002|
000002805|000008771004|
000002805|000008771003|
000002805|000008482004|
000002805|000008376002|
000002805|000008528002|
000002805|000008532004|
000002805|000008532002|
000002805|000008482005|
000002805|000008353003|
000002805|000008376003|
000002805|000008478003|
000002805|000008528003|
000002805|000008490003|
000002805|000008353005|
000002805|000008528005|
000002805|000008486003|
000002805|000008494002|
000002805|000008532005|
000002805|000008528004|
000002805|000008376005|
000002805|000008494003|
000002805|000008353002|
000002805|000008376004|
000003592|000008400002|
000003592|000008400003|
000003592|000008400005|
000003592|000008400004|
000003597|000008427004|
000003597|000008427005|
000003600|000008400002|
000003600|000008400005|
000003600|000008400004|
000003600|000008400003|
000003693|000008543003|
000003693|000008543002|
000003693|000008554002|
000003693|000008554003|
000003693|000008554004|
000003693|000008554005|
000003693|000008550005|
000003693|000008550002|
000003693|000008550004|
000003693|000008550003|
000003693|000008372003|
000003693|000008372002|
000003693|000008372005|
000003693|000008372004|
000003695|000008385005|
000003695|000008385004|
000003695|000008385002|
000003695|000008560005|
000003695|000008560003|
000003695|000008385003|
000003702|000008442004|
000003702|000008821003|
000003702|000008821004|
000003702|000008811005|
000003702|000008442003|
000003702|000008811004|
000003703|000008811005|
000003703|000008821003|
000003703|000008442004|
000003703|000008821005|
000003703|000008442003|
000003703|000008811004|
000003704|000008811005|
000003704|000008442004|
000003704|000008821002|
000003704|000008811004|
000003704|000008442003|
000003704|000008821003|
000003705|000008821003|
000003705|000008811004|
000003705|000008442003|
000003705|000008811003|
000003705|000008442002|
000003705|000008811002|
000003705|000008442005|
000003705|000008811005|
000003705|000008442004|
000003707|000008872003|
000003707|000008877004|
000003707|000008881005|
000003707|000008367005|
000003707|000008877003|
000003707|000008367002|
000003707|000008877005|
000003707|000008877002|
000003707|000008881002|
000003707|000008881004|
000003707|000008367004|
000003707|000008872002|
000003707|000008881003|
000003707|000008367003|
